ID,Name,PhotoURl
415768461 	Sara Kelley         	https://randomuser.me/api/portraits/women/76.jpg
145743407 	Anita Steeves       	https://randomuser.me/api/portraits/women/13.jpg
770156519 	Lauren Simmmons     	https://randomuser.me/api/portraits/women/36.jpg
275781728 	Bernard Johnston    	https://randomuser.me/api/portraits/men/81.jpg
27069970  	Jared Alvarez       	https://randomuser.me/api/portraits/men/47.jpg
415373104 	Marion Ford         	https://randomuser.me/api/portraits/men/38.jpg
188729406 	Julio Fields        	https://randomuser.me/api/portraits/men/58.jpg
628083099 	Tonya Hopkins       	https://randomuser.me/api/portraits/women/52.jpg
436175479 	Joe Scott           	https://randomuser.me/api/portraits/men/54.jpg
14106421  	Jill Johnson        	https://randomuser.me/api/portraits/women/96.jpg
